{
  "0": 4.746666666666667,
  "1": 4.394666666666667,
  "2": 5.504,
  "3": 4.042666666666666,
  "4": 4.469333333333333
}